{
"__comment": "Designed by Cookies160 with BDcraft Cubik PRO 0.85 Beta - http://bdcraft.net",
"textures": {
    "texture": "item/firework_rocket"
},
"elements": [ 
{
    "from": [ 13, 3.5, 8 ],
    "to": [ 14, 4, 8.5 ],
    "faces": {
        "down":  { "uv": [ 8, 13.5, 8.5, 13 ], "texture": "#texture" },
        "up":    { "uv": [ 8, 13, 8.5, 13.5 ], "texture": "#texture" },
        "north": { "uv": [ 8, 13, 8.5, 13.5 ], "texture": "#texture" },
        "south": { "uv": [ 8, 13, 8.5, 13.5 ], "texture": "#texture" },
        "west":  { "uv": [ 8, 13, 8.5, 13.5 ], "texture": "#texture" },
        "east":  { "uv": [ 8, 13, 8.5, 13.5 ], "texture": "#texture" }
    }
},
{
    "from": [ 12, 3, 7.5 ],
    "to": [ 13, 3.5, 8 ],
    "faces": {
        "down":  { "uv": [ 8, 13.5, 8.5, 13 ], "texture": "#texture" },
        "up":    { "uv": [ 8, 13, 8.5, 13.5 ], "texture": "#texture" },
        "north": { "uv": [ 8, 13, 8.5, 13.5 ], "texture": "#texture" },
        "south": { "uv": [ 8, 13, 8.5, 13.5 ], "texture": "#texture" },
        "west":  { "uv": [ 8, 13, 8.5, 13.5 ], "texture": "#texture" },
        "east":  { "uv": [ 8, 13, 8.5, 13.5 ], "texture": "#texture" }
    }
},
{
    "from": [ 11.5, 2.5, 7 ],
    "to": [ 12, 3, 7.5 ],
    "faces": {
        "down":  { "uv": [ 8, 13.5, 8.5, 13 ], "texture": "#texture" },
        "up":    { "uv": [ 8, 13, 8.5, 13.5 ], "texture": "#texture" },
        "north": { "uv": [ 8, 13, 8.5, 13.5 ], "texture": "#texture" },
        "south": { "uv": [ 8, 13, 8.5, 13.5 ], "texture": "#texture" },
        "west":  { "uv": [ 8, 13, 8.5, 13.5 ], "texture": "#texture" },
        "east":  { "uv": [ 8, 13, 8.5, 13.5 ], "texture": "#texture" }
    }
},
{
    "from": [ 10.5, 2, 7 ],
    "to": [ 11.5, 2.5, 7.5 ],
    "faces": {
        "down":  { "uv": [ 8, 13.5, 8.5, 13 ], "texture": "#texture" },
        "up":    { "uv": [ 8, 13, 8.5, 13.5 ], "texture": "#texture" },
        "north": { "uv": [ 8, 13, 8.5, 13.5 ], "texture": "#texture" },
        "south": { "uv": [ 8, 13, 8.5, 13.5 ], "texture": "#texture" },
        "west":  { "uv": [ 8, 13, 8.5, 13.5 ], "texture": "#texture" },
        "east":  { "uv": [ 8, 13, 8.5, 13.5 ], "texture": "#texture" }
    }
},
{
    "from": [ 9, 1.5, 7.5 ],
    "to": [ 10.5, 2, 8 ],
    "faces": {
        "down":  { "uv": [ 8, 13.5, 8.5, 13 ], "texture": "#texture" },
        "up":    { "uv": [ 8, 13, 8.5, 13.5 ], "texture": "#texture" },
        "north": { "uv": [ 8, 13, 8.5, 13.5 ], "texture": "#texture" },
        "south": { "uv": [ 8, 13, 8.5, 13.5 ], "texture": "#texture" },
        "west":  { "uv": [ 8, 13, 8.5, 13.5 ], "texture": "#texture" },
        "east":  { "uv": [ 8, 13, 8.5, 13.5 ], "texture": "#texture" }
    }
},
{
    "from": [ 8.5, 2, 8 ],
    "to": [ 9, 2.5, 8.5 ],
    "faces": {
        "down":  { "uv": [ 8, 13.5, 8.5, 13 ], "texture": "#texture" },
        "up":    { "uv": [ 8, 13, 8.5, 13.5 ], "texture": "#texture" },
        "north": { "uv": [ 8, 13, 8.5, 13.5 ], "texture": "#texture" },
        "south": { "uv": [ 8, 13, 8.5, 13.5 ], "texture": "#texture" },
        "west":  { "uv": [ 8, 13, 8.5, 13.5 ], "texture": "#texture" },
        "east":  { "uv": [ 8, 13, 8.5, 13.5 ], "texture": "#texture" }
    }
},
{
    "from": [ 8, 2.5, 8.5 ],
    "to": [ 8.5, 3, 9 ],
    "faces": {
        "down":  { "uv": [ 8, 13.5, 8.5, 13 ], "texture": "#texture" },
        "up":    { "uv": [ 8, 13, 8.5, 13.5 ], "texture": "#texture" },
        "north": { "uv": [ 8, 13, 8.5, 13.5 ], "texture": "#texture" },
        "south": { "uv": [ 8, 13, 8.5, 13.5 ], "texture": "#texture" },
        "west":  { "uv": [ 8, 13, 8.5, 13.5 ], "texture": "#texture" },
        "east":  { "uv": [ 8, 13, 8.5, 13.5 ], "texture": "#texture" }
    }
},
{
    "from": [ 8, 14, 8 ],
    "to": [ 9, 14.5, 9 ],
    "faces": {
        "down":  { "uv": [ 8, 4.5, 9, 3.5 ], "texture": "#texture" },
        "up":    { "uv": [ 8, 3.5, 9, 4.5 ], "texture": "#texture" },
        "north": { "uv": [ 8, 1.5, 9, 2 ], "texture": "#texture" },
        "south": { "uv": [ 8, 1.5, 9, 2 ], "texture": "#texture" },
        "west":  { "uv": [ 8, 1.5, 9, 2 ], "texture": "#texture" },
        "east":  { "uv": [ 8, 1.5, 9, 2 ], "texture": "#texture" }
    }
},
{
    "from": [ 7.5, 13.5, 7.5 ],
    "to": [ 9.5, 14, 9.5 ],
    "faces": {
        "down":  { "uv": [ 7.5, 5, 9.5, 3 ], "texture": "#texture" },
        "up":    { "uv": [ 7.5, 4.5, 9.5, 2.5 ], "texture": "#texture" },
        "north": { "uv": [ 7.5, 2, 9.5, 2.5 ], "texture": "#texture" },
        "south": { "uv": [ 7.5, 2, 9.5, 2.5 ], "texture": "#texture" },
        "west":  { "uv": [ 7.5, 2, 9.5, 2.5 ], "texture": "#texture" },
        "east":  { "uv": [ 7.5, 2, 9.5, 2.5 ], "texture": "#texture" }
    }
},
{
    "from": [ 7, 13, 8.5 ],
    "to": [ 8.5, 13.5, 10 ],
    "faces": {
        "down":  { "uv": [ 7, 10, 8.5, 8.5 ], "texture": "#texture" },
        "up":    { "uv": [ 6.5, 3.5, 8, 5 ], "texture": "#texture" },
        "north": { "uv": [ 7, 2.5, 8.5, 3 ], "texture": "#texture" },
        "south": { "uv": [ 7, 2.5, 8.5, 3 ], "texture": "#texture" },
        "west":  { "uv": [ 8.5, 2.5, 7, 3 ], "texture": "#texture" },
        "east":  { "uv": [ 8.5, 2.5, 10, 3 ], "texture": "#texture" }
    }
},
{
    "from": [ 8.5, 13, 8.5 ],
    "to": [ 10, 13.5, 10 ],
    "faces": {
        "down":  { "uv": [ 8.5, 10, 10, 8.5 ], "texture": "#texture" },
        "up":    { "uv": [ 9, 3.5, 10.5, 5 ], "texture": "#texture" },
        "north": { "uv": [ 8.5, 2.5, 10, 3 ], "texture": "#texture" },
        "south": { "uv": [ 8.5, 2.5, 10, 3 ], "texture": "#texture" },
        "west":  { "uv": [ 10, 2.5, 8.5, 3 ], "texture": "#texture" },
        "east":  { "uv": [ 8.5, 2.5, 10, 3 ], "texture": "#texture" }
    }
},
{
    "from": [ 8.5, 13, 7 ],
    "to": [ 10, 13.5, 8.5 ],
    "faces": {
        "down":  { "uv": [ 8.5, 8.5, 10, 7 ], "texture": "#texture" },
        "up":    { "uv": [ 8, 5, 6.5, 3.5 ], "texture": "#texture" },
        "north": { "uv": [ 7, 2.5, 8.5, 3 ], "texture": "#texture" },
        "south": { "uv": [ 8.5, 2.5, 10, 3 ], "texture": "#texture" },
        "west":  { "uv": [ 7, 2.5, 8.5, 3 ], "texture": "#texture" },
        "east":  { "uv": [ 7.5, 2.5, 9, 3 ], "texture": "#texture" }
    }
},
{
    "from": [ 7, 13, 7 ],
    "to": [ 8.5, 13.5, 8.5 ],
    "faces": {
        "down":  { "uv": [ 7, 8.5, 8.5, 7 ], "texture": "#texture" },
        "up":    { "uv": [ 10.5, 5, 9, 3.5 ], "texture": "#texture" },
        "north": { "uv": [ 8.5, 2.5, 10, 3 ], "texture": "#texture" },
        "south": { "uv": [ 8.5, 2.5, 10, 3 ], "texture": "#texture" },
        "west":  { "uv": [ 10, 2.5, 8.5, 3 ], "texture": "#texture" },
        "east":  { "uv": [ 8, 2.5, 9.5, 3 ], "texture": "#texture" }
    }
},
{
    "from": [ 8.5, 11, 6.5 ],
    "to": [ 10.5, 13, 8.5 ],
    "faces": {
        "down":  { "uv": [ 8.5, 5, 6.5, 3 ], "texture": "#texture" },
        "up":    { "uv": [ 8.5, 5, 6.5, 3 ], "texture": "#texture" },
        "north": { "uv": [ 6.5, 3, 8.5, 5 ], "texture": "#texture" },
        "south": { "uv": [ 8.5, 3, 6.5, 5 ], "texture": "#texture" },
        "west":  { "uv": [ 6.5, 3, 8.5, 5 ], "texture": "#texture" },
        "east":  { "uv": [ 8.5, 3, 6.5, 5 ], "texture": "#texture" }
    }
},
{
    "from": [ 8.5, 11, 8.5 ],
    "to": [ 10.5, 13, 10.5 ],
    "faces": {
        "down":  { "uv": [ 8.5, 3, 10.5, 5 ], "texture": "#texture" },
        "up":    { "uv": [ 8.5, 3, 10.5, 5 ], "texture": "#texture" },
        "north": { "uv": [ 10.5, 3, 8.5, 5 ], "texture": "#texture" },
        "south": { "uv": [ 8.5, 3, 10.5, 5 ], "texture": "#texture" },
        "west":  { "uv": [ 10.5, 3, 8.5, 5 ], "texture": "#texture" },
        "east":  { "uv": [ 10.5, 3, 8.5, 5 ], "texture": "#texture" }
    }
},
{
    "from": [ 6.5, 11, 8.5 ],
    "to": [ 8.5, 13, 10.5 ],
    "faces": {
        "down":  { "uv": [ 6.5, 3, 8.5, 5 ], "texture": "#texture" },
        "up":    { "uv": [ 6.5, 3, 8.5, 5 ], "texture": "#texture" },
        "north": { "uv": [ 7.5, 3, 9.5, 5 ], "texture": "#texture" },
        "south": { "uv": [ 6.5, 3, 8.5, 5 ], "texture": "#texture" },
        "west":  { "uv": [ 8.5, 3, 6.5, 5 ], "texture": "#texture" },
        "east":  { "uv": [ 5.5, 3, 7.5, 5 ], "texture": "#texture" }
    }
},
{
    "from": [ 6.5, 11, 6.5 ],
    "to": [ 8.5, 13, 8.5 ],
    "faces": {
        "down":  { "uv": [ 10.5, 5, 8.5, 3 ], "texture": "#texture" },
        "up":    { "uv": [ 10.5, 5, 8.5, 3 ], "texture": "#texture" },
        "north": { "uv": [ 8.5, 3, 10.5, 5 ], "texture": "#texture" },
        "south": { "uv": [ 10.5, 3, 8.5, 5 ], "texture": "#texture" },
        "west":  { "uv": [ 10.5, 3, 8.5, 5 ], "texture": "#texture" },
        "east":  { "uv": [ 7.5, 3, 9.5, 5 ], "texture": "#texture" }
    }
},
{
    "from": [ 7, 3, 7 ],
    "to": [ 10, 5, 10 ],
    "faces": {
        "down":  { "uv": [ 7, 10, 10, 7 ], "rotation": 180, "texture": "#texture" },
        "up":    { "uv": [ 7, 7, 10, 10 ], "rotation": 180, "texture": "#texture" },
        "north": { "uv": [ 7, 6, 10, 8 ], "texture": "#texture" },
        "south": { "uv": [ 7, 8, 10, 10 ], "texture": "#texture" },
        "west":  { "uv": [ 7, 9, 10, 11 ], "texture": "#texture" },
        "east":  { "uv": [ 7, 7, 10, 9 ], "texture": "#texture" }
    }
},
{
    "from": [ 7, 8, 7 ],
    "to": [ 10, 11, 10 ],
    "faces": {
        "down":  { "uv": [ 7, 10, 10, 7 ], "texture": "#texture" },
        "up":    { "uv": [ 7, 7, 10, 10 ], "texture": "#texture" },
        "north": { "uv": [ 7, 8, 10, 11 ], "texture": "#texture" },
        "south": { "uv": [ 7, 6, 10, 9 ], "texture": "#texture" },
        "west":  { "uv": [ 7, 7, 10, 10 ], "texture": "#texture" },
        "east":  { "uv": [ 7, 9, 10, 12 ], "texture": "#texture" }
    }
},
{
    "from": [ 7, 5, 7 ],
    "to": [ 10, 8, 10 ],
    "faces": {
        "down":  { "uv": [ 7, 10, 10, 7 ], "rotation": 270, "texture": "#texture" },
        "up":    { "uv": [ 7, 7, 10, 10 ], "rotation": 90, "texture": "#texture" },
        "north": { "uv": [ 7, 7, 10, 10 ], "texture": "#texture" },
        "south": { "uv": [ 7, 9, 10, 12 ], "texture": "#texture" },
        "west":  { "uv": [ 7, 6, 10, 9 ], "texture": "#texture" },
        "east":  { "uv": [ 7, 8, 10, 11 ], "texture": "#texture" }
    }
}
],
"display": {
    "thirdperson_righthand": {
        "rotation": [ 0, 0, 0 ],
        "translation": [ 0, 2, 2 ],
        "scale": [ 0.7, 0.7, 0.7 ]
    },
    "thirdperson_lefthand": {
        "rotation": [ 0, 0, 0 ],
        "translation": [ 0, 2, 2 ],
        "scale": [ 0.7, 0.7, 0.7 ]
    },
    "ground": {
        "rotation": [ 0, 0, 0 ],
        "translation": [ 0, 2, 0 ],
        "scale": [ 0.5, 0.5, 0.5 ]
    },
    "fixed": {
        "rotation": [ 0, 0, 0 ],
        "translation": [ 0, 0, -1.13 ],
        "scale": [ 1, 1, 1 ]
    },
    "firstperson_righthand": {
        "rotation": [ 0, 0, 0 ],
        "translation": [ 0, 0, 0 ],
        "scale": [ 0.7, 0.7, 0.7 ]
    },
    "firstperson_lefthand": {
        "rotation": [ 0, 0, 0 ],
        "translation": [ 0, 0, 0 ],
        "scale": [ -0.7, 0.7, 0.7 ]
    }
}
}